{"cameraMode":{"drawMode":0,"name":"Shaded","section":"Shading Mode"},"sceneLighting":true,"audioPlay":false,"sceneViewState":{"m_AlwaysRefresh":false,"showFog":true,"showSkybox":true,"showFlares":true,"showImageEffects":true,"showParticleSystems":true,"showVisualEffectGraphs":true,"m_FxEnabled":true},"in2DMode":false,"pivot":{"x":-0.006768703460693359,"y":1.9800000190734864,"z":-0.006768703460693359},"rotation":{"x":-0.4213840067386627,"y":0.03482352942228317,"z":-0.016193019226193429,"w":-0.906079113483429},"size":4.633012771606445,"orthographic":false}